run_id,created_at,finished_at,status,source,arch,dataset,device,N,time,encoder,poisson_rate_scale,poisson_deterministic,encoder_rate_boost,c1_out,c2_out,c3_out,wta_enable,ei_enable,homeo_enable,adapt_thresh_enable,greedy_enable,greedy_n1,greedy_n2,first_spike_only,spikes_per_sample,energy_proxy_per_sample,assigned_neurons,total_neurons,neurons_per_class_min,neurons_per_class_max,neurons_per_class_mean,neurons_per_class_cv,best_readout_name,best_readout_acc,run_dir
20260421T100603Z_6042171dfe09,2026-04-21T10:06:03Z,2026-04-21T10:06:29Z,failed,runs_agent/summary.json,fc,mnist,cuda,60000,200,poisson,0.011,,3.0,,,,,,,,,,,,,,,,,,,,,,runs_agent/20260421T100603Z_6042171dfe09
20260421T100634Z_9229291875fe,2026-04-21T10:06:34Z,2026-04-21T10:06:35Z,failed,runs_agent/summary.json,fc,mnist,cuda,60000,200,latency,0.011,,1.0,,,,,,,,,,,,,,,,,,,,,,runs_agent/20260421T100634Z_9229291875fe
20260421T142057Z_d89a92e53ecd,2026-04-21T14:20:57Z,2026-04-21T14:21:10Z,failed,runs_agent/summary.json,fc,mnist,cuda,12000,200,poisson,0.011,,5.5,,,,,,,,,,,,,,,,,,,,,,runs_agent/20260421T142057Z_d89a92e53ecd
20260421T144340Z_1ff1930b211d,2026-04-21T14:43:40Z,2026-04-21T16:33:45Z,failed,runs_agent/summary.json,fc,mnist,cuda,12000,200,latency,0.011,,1.0,,,,,,,,,,,,,,,,,,,,,,runs_agent/20260421T144340Z_1ff1930b211d
20260421T182636Z_bfd61ae946ba,2026-04-21T18:26:36Z,2026-04-21T20:26:32Z,ok,runs_agent/summary.json,fc,mnist,cuda,12000,200,poisson,0.011,,5.5,,,,,,,,,,,,600.0,3063.9333333333334,200,200,,,,,TFIDF+MLP,0.38600000739097595,runs_agent/20260421T182636Z_bfd61ae946ba
20260422T034811Z_4a9b54933777,2026-04-22T03:48:11Z,2026-04-22T05:41:48Z,ok,runs_agent/summary.json,fc,mnist,cuda,12000,200,poisson,0.011,True,5.5,,,,,,,,,,,,118.57408333333333,1349.2928333333334,100,100,,,,,TFIDF+MLP,0.3440000116825104,runs_agent/20260422T034811Z_4a9b54933777
20260422T075647Z_067dfc0366b9,2026-04-22T07:56:47Z,2026-04-22T09:51:40Z,ok,runs_agent/summary.json,fc,mnist,cuda,12000,200,latency,0.011,True,1.0,,,,,,,,,,,,115.92858333333334,934.1556666666667,100,100,,,,,TFIDF+MLP,0.44999998807907104,runs_agent/20260422T075647Z_067dfc0366b9
20260422T104155Z_2f85e896f3a1,2026-04-22T10:41:55Z,2026-04-22T10:42:04Z,ok,runs_csnn/registry.jsonl,csnn,,cpu,200,50,poisson,0.011,True,,16,,,,,,,,,,,442.235,442.235,,,,,,,,,runs_csnn/20260422T104155Z_2f85e896f3a1
20260422T104458Z_09ba0049f283,2026-04-22T10:44:58Z,2026-04-22T10:45:23Z,failed,runs_csnn/registry.jsonl,csnn,,cpu,500,50,poisson,0.011,True,,16,,,,,,,,,,,,,,,,,,,,,runs_csnn/20260422T104458Z_09ba0049f283
20260422T104605Z_fd1a56819092,2026-04-22T10:46:05Z,2026-04-22T10:46:06Z,failed,runs_csnn/registry.jsonl,csnn,,cpu,200,30,poisson,0.011,True,3.0,16,,,,,,,,,,,,,,,,,,,,,runs_csnn/20260422T104605Z_fd1a56819092
20260422T104645Z_fd1a56819092,2026-04-22T10:46:45Z,2026-04-22T10:46:51Z,failed,runs_csnn/registry.jsonl,csnn,,cpu,200,30,poisson,0.011,True,3.0,16,,,,,,,,,,,,,,,,,,,,,runs_csnn/20260422T104645Z_fd1a56819092
20260422T104729Z_fd1a56819092,2026-04-22T10:47:29Z,2026-04-22T10:47:36Z,failed,runs_csnn/registry.jsonl,csnn,,cpu,200,30,poisson,0.011,True,3.0,16,,,,,,,,,,,,,,,,,,,,,runs_csnn/20260422T104729Z_fd1a56819092
20260422T104859Z_000cfa06b491,2026-04-22T10:48:59Z,2026-04-22T10:50:42Z,failed,runs_csnn/registry.jsonl,csnn,,cpu,2000,50,poisson,0.011,True,3.0,32,,,,,,,,,,,,,,,,,,,,,runs_csnn/20260422T104859Z_000cfa06b491
20260422T105102Z_000cfa06b491,2026-04-22T10:51:02Z,2026-04-22T10:52:45Z,failed,runs_csnn/registry.jsonl,csnn,,cpu,2000,50,poisson,0.011,True,3.0,32,,,,,,,,,,,,,,,,,,,,,runs_csnn/20260422T105102Z_000cfa06b491
20260422T105920Z_fe2b7ad33e14,2026-04-22T10:59:20Z,2026-04-22T10:59:26Z,failed,runs_csnn/registry.jsonl,csnn,,cpu,200,30,poisson,0.011,True,,16,,,,,,,,,,,,,,,,,,,,,runs_csnn/20260422T105920Z_fe2b7ad33e14
20260422T110026Z_fe2b7ad33e14,2026-04-22T11:00:26Z,2026-04-22T11:00:33Z,failed,runs_csnn/registry.jsonl,csnn,,cpu,200,30,poisson,0.011,True,,16,,,,,,,,,,,,,,,,,,,,,runs_csnn/20260422T110026Z_fe2b7ad33e14
20260422T110142Z_fe2b7ad33e14,2026-04-22T11:01:42Z,2026-04-22T11:01:48Z,failed,runs_csnn/registry.jsonl,csnn,,cpu,200,30,poisson,0.011,True,,16,,,,,,,,,,,,,,,,,,,,,runs_csnn/20260422T110142Z_fe2b7ad33e14
20260422T110215Z_fe2b7ad33e14,2026-04-22T11:02:15Z,2026-04-22T11:02:22Z,failed,runs_csnn/registry.jsonl,csnn,,cpu,200,30,poisson,0.011,True,,16,,,,,,,,,,,,,,,,,,,,,runs_csnn/20260422T110215Z_fe2b7ad33e14
20260422T110314Z_fe2b7ad33e14,2026-04-22T11:03:14Z,2026-04-22T11:03:21Z,failed,runs_csnn/registry.jsonl,csnn,,cpu,200,30,poisson,0.011,True,,16,,,,,,,,,,,,,,,,,,,,,runs_csnn/20260422T110314Z_fe2b7ad33e14
20260422T112240Z_263bb330ee9c,2026-04-22T11:22:40Z,2026-04-22T11:24:23Z,failed,runs_csnn/registry.jsonl,csnn,,cpu,2000,50,poisson,0.011,True,3.0,32,,,,,,,,,,,,,,,,,,,,,runs_csnn/20260422T112240Z_263bb330ee9c
20260422T112620Z_263bb330ee9c,2026-04-22T11:26:20Z,2026-04-22T11:28:23Z,failed,runs_csnn/registry.jsonl,csnn,,cpu,2000,50,poisson,0.011,True,3.0,32,,,,,,,,,,,,,,,,,,,,,runs_csnn/20260422T112620Z_263bb330ee9c
20260422T112944Z_1f5ba5ec1ea1,2026-04-22T11:29:44Z,2026-04-22T11:30:47Z,failed,runs_csnn/registry.jsonl,csnn,,cpu,1000,50,poisson,0.011,True,3.0,32,,,,,,,,,,,,,,,,,,,,,runs_csnn/20260422T112944Z_1f5ba5ec1ea1
20260422T113150Z_77004010edd6,2026-04-22T11:31:50Z,2026-04-22T11:32:29Z,failed,runs_csnn/registry.jsonl,csnn,,cpu,500,50,poisson,0.011,True,3.0,32,,,,,,,,,,,,,,,,,,,,,runs_csnn/20260422T113150Z_77004010edd6
20260422T113437Z_44c13caa9539,2026-04-22T11:34:37Z,2026-04-22T11:34:45Z,failed,runs_csnn/registry.jsonl,csnn,,cpu,200,20,poisson,0.011,True,3.0,16,,,,,,,,,,,,,,,,,,,,,runs_csnn/20260422T113437Z_44c13caa9539
20260422T113915Z_44c13caa9539,2026-04-22T11:39:15Z,2026-04-22T11:39:52Z,failed,runs_csnn/registry.jsonl,csnn,,cpu,200,20,poisson,0.011,True,3.0,16,,,,,,,,,,,,,,,,,,,,,runs_csnn/20260422T113915Z_44c13caa9539
20260422T114419Z_44c13caa9539,2026-04-22T11:44:19Z,2026-04-22T11:44:56Z,ok,runs_csnn/registry.jsonl,csnn,,cpu,200,20,poisson,0.011,True,3.0,16,,,,,,,,,,,488.53,488.53,47,9216,,,,,TFIDF+MLP,0.25,runs_csnn/20260422T114419Z_44c13caa9539
20260422T120049Z_13f871056c01,2026-04-22T12:00:49Z,2026-04-22T15:44:41Z,failed,runs_csnn/registry.jsonl,csnn,,cuda,60000,100,poisson,0.011,True,3.0,64,,,,,,,,,,,,,,,,,,,,,runs_csnn/20260422T120049Z_13f871056c01
20260422T161357Z_13f871056c01,2026-04-22T16:13:57Z,2026-04-22T19:48:15Z,failed,runs_csnn/registry.jsonl,csnn,,cuda,60000,100,poisson,0.011,True,3.0,64,,,,,,,,,,,,,,,,,,,,,runs_csnn/20260422T161357Z_13f871056c01
20260423T042039Z_13f871056c01,2026-04-23T04:20:39Z,2026-04-23T08:03:20Z,failed,runs_csnn/registry.jsonl,csnn,,cuda,60000,100,poisson,0.011,True,3.0,64,,,,,,,,,,,,,,,,,,,,,runs_csnn/20260423T042039Z_13f871056c01
20260423T112501Z_961961190804,2026-04-23T11:25:01Z,2026-04-23T11:25:14Z,failed,runs_csnn/registry.jsonl,csnn,,cpu,1,100,poisson,0.011,True,3.0,64,,,,,,,,,,,,,,,,,,,,,runs_csnn/20260423T112501Z_961961190804
20260423T154120Z_cd384ffafdd6,2026-04-23T15:41:20Z,2026-04-23T15:42:03Z,ok,runs_csnn/registry.jsonl,csnn,,cuda,1,100,poisson,0.011,True,3.0,64,,,,,,,,,,,0.0,0.0,,,,,,,counts_zscore+Linear,0.47999998927116394,runs_csnn/20260423T154120Z_cd384ffafdd6
20260423T160355Z_f2d8b306b83c,2026-04-23T16:03:55Z,2026-04-23T16:19:01Z,ok,runs_csnn/registry.jsonl,csnn,,cuda,2000,100,poisson,0.011,True,3.0,64,,,1,,,,,,,,174.6665,174.6665,155,36864,,,,,counts_zscore+Linear,0.4659999907016754,runs_csnn/20260423T160355Z_f2d8b306b83c
20260423T162953Z_e7bb8367fec4,2026-04-23T16:29:53Z,2026-04-23T16:29:56Z,failed,runs_csnn/registry.jsonl,csnn,,cuda,2000,100,poisson,0.011,True,3.0,64,,,,1,,,,,,,,,,,,,,,,,runs_csnn/20260423T162953Z_e7bb8367fec4
20260423T164114Z_e7bb8367fec4,2026-04-23T16:41:14Z,2026-04-23T16:41:17Z,failed,runs_csnn/registry.jsonl,csnn,,cuda,2000,100,poisson,0.011,True,3.0,64,,,,1,,,,,,,,,,,,,,,,,runs_csnn/20260423T164114Z_e7bb8367fec4
20260423T171030Z_39761e028a33,2026-04-23T17:10:30Z,2026-04-23T17:24:12Z,ok,runs_csnn/registry.jsonl,csnn,,cuda,2000,100,poisson,0.011,True,3.0,64,,,,,,,,,,,172.9195,172.9195,150,36864,,,,,counts_zscore+Linear,0.46399998664855957,runs_csnn/20260423T171030Z_39761e028a33
20260423T175730Z_d16513e7ee3d,2026-04-23T17:57:30Z,2026-04-23T21:31:48Z,ok,runs_csnn/registry.jsonl,csnn,,cuda,60000,100,poisson,0.011,True,3.0,64,,,,,,,,,,,5.753033333333334,5.753033333333334,10,36864,,,,,counts_zscore+Linear,0.4480000138282776,runs_csnn/20260423T175730Z_d16513e7ee3d
20260424T041741Z_30bbe7fd9fa9,2026-04-24T04:17:41Z,2026-04-24T04:31:44Z,failed,runs_csnn/registry.jsonl,csnn,,cuda,2000,100,poisson,0.011,True,3.0,64,,,,,,1,,,,,,,,,,,,,,,runs_csnn/20260424T041741Z_30bbe7fd9fa9
20260424T045141Z_30bbe7fd9fa9,2026-04-24T04:51:41Z,2026-04-24T05:05:08Z,failed,runs_csnn/registry.jsonl,csnn,,cuda,2000,100,poisson,0.011,True,3.0,64,,,,,,1,,,,,,,,,,,,,,,runs_csnn/20260424T045141Z_30bbe7fd9fa9
20260424T051800Z_30bbe7fd9fa9,2026-04-24T05:18:00Z,2026-04-24T05:31:45Z,ok,runs_csnn/registry.jsonl,csnn,,cuda,2000,100,poisson,0.011,True,3.0,64,,,,,,1,,,,,173.65,173.65,138,36864,,,,,counts_zscore+Linear,0.4819999933242798,runs_csnn/20260424T051800Z_30bbe7fd9fa9
20260424T060137Z_25af670e75b8,2026-04-24T06:01:37Z,2026-04-24T09:38:59Z,ok,runs_csnn/registry.jsonl,csnn,,cuda,60000,100,poisson,0.011,True,3.0,64,,,,,,1,,,,,5.689316666666667,5.689316666666667,12,36864,,,,,counts_zscore+Linear,0.47999998927116394,runs_csnn/20260424T060137Z_25af670e75b8
20260424T101901Z_d0a38e9989b3,2026-04-24T10:19:01Z,2026-04-24T10:35:45Z,ok,runs_csnn/registry.jsonl,csnn,,cuda,2000,100,poisson,0.011,True,3.0,64,,,,,,1,,,,,174.148,174.148,164,36864,,,,,counts_zscore+Linear,0.4560000002384186,runs_csnn/20260424T101901Z_d0a38e9989b3
20260424T113355Z_c18dc99c0b97,2026-04-24T11:33:55Z,2026-04-24T15:11:49Z,ok,runs_csnn/registry.jsonl,csnn,,cuda,60000,100,poisson,0.011,True,3.0,64,,,,,,1,,,,,5.805616666666666,5.805616666666666,7,36864,,,,,counts_zscore+Linear,0.46000000834465027,runs_csnn/20260424T113355Z_c18dc99c0b97
20260424T155536Z_f6dce5329ac0,2026-04-24T15:55:36Z,2026-04-24T16:02:32Z,ok,runs_csnn/registry.jsonl,csnn,,cuda,2000,100,poisson,0.02,True,5.0,64,,,,,,1,,,,,143.832,143.832,,,,,,,,,runs_csnn/20260424T155536Z_f6dce5329ac0
20260424T160236Z_232355e587ba,2026-04-24T16:02:36Z,2026-04-24T16:09:46Z,ok,runs_csnn/registry.jsonl,csnn,,cuda,2000,100,poisson,0.02,True,5.0,64,,,,,,1,,,,,143.643,143.643,,,,,,,,,runs_csnn/20260424T160236Z_232355e587ba
20260424T165504Z_b119233e7791,2026-04-24T16:55:04Z,2026-04-24T16:56:52Z,ok,runs_csnn/registry.jsonl,csnn,,cuda,500,100,poisson,0.02,True,5.0,64,,,,,,,,,,,570.524,570.524,,,,,,,,,runs_csnn/20260424T165504Z_b119233e7791
20260424T172226Z_a69850cbd540,2026-04-24T17:22:26Z,2026-04-24T17:24:16Z,ok,runs_csnn/registry.jsonl,csnn,,cuda,500,100,poisson,0.03,True,6.0,64,,,,,,,,,,,504.754,504.754,,,,,,,,,runs_csnn/20260424T172226Z_a69850cbd540
20260424T172421Z_4f49f4a07195,2026-04-24T17:24:21Z,2026-04-24T17:26:05Z,ok,runs_csnn/registry.jsonl,csnn,,cuda,500,100,poisson,0.05,True,6.0,64,,,,,,,,,,,432.158,432.158,,,,,,,,,runs_csnn/20260424T172421Z_4f49f4a07195
20260424T172609Z_fb5e45c0e38b,2026-04-24T17:26:09Z,2026-04-24T17:27:56Z,ok,runs_csnn/registry.jsonl,csnn,,cuda,500,100,poisson,0.05,True,7.0,64,,,,,,,,,,,433.98,433.98,,,,,,,,,runs_csnn/20260424T172609Z_fb5e45c0e38b
20260424T174846Z_56eacce17633,2026-04-24T17:48:46Z,2026-04-24T17:49:30Z,ok,runs_csnn/registry.jsonl,csnn,,cuda,200,100,poisson,0.05,True,6.0,64,,,,,,,,,,,1116.12,1116.12,,,,,,,,,runs_csnn/20260424T174846Z_56eacce17633
20260424T175403Z_56eacce17633,2026-04-24T17:54:03Z,2026-04-24T17:54:04Z,failed,runs_csnn/registry.jsonl,csnn,,cuda,200,100,poisson,0.05,True,6.0,64,,,,,,,,,,,,,,,,,,,,,runs_csnn/20260424T175403Z_56eacce17633
20260424T175532Z_56eacce17633,2026-04-24T17:55:32Z,2026-04-24T17:56:13Z,ok,runs_csnn/registry.jsonl,csnn,,cuda,200,100,poisson,0.05,True,6.0,64,,,,,,,,,,,2.455,2.455,,,,,,,,,runs_csnn/20260424T175532Z_56eacce17633
20260424T180357Z_56eacce17633,2026-04-24T18:03:57Z,2026-04-24T18:04:40Z,ok,runs_csnn/registry.jsonl,csnn,,cuda,200,100,poisson,0.05,True,6.0,64,,,,,,,,,,,0.4,0.4,,,,,,,,,runs_csnn/20260424T180357Z_56eacce17633
20260424T180745Z_56eacce17633,2026-04-24T18:07:45Z,2026-04-24T18:08:29Z,ok,runs_csnn/registry.jsonl,csnn,,cuda,200,100,poisson,0.05,True,6.0,64,,,,,,,,,,,0.41,0.41,,,,,,,,,runs_csnn/20260424T180745Z_56eacce17633
20260424T184922Z_291bd0701943,2026-04-24T18:49:22Z,2026-04-24T18:50:03Z,ok,runs_csnn/registry.jsonl,csnn,,cuda,200,100,poisson,0.05,True,6.0,64,,,,,,,,,,,0.65,0.65,,,,,,,,,runs_csnn/20260424T184922Z_291bd0701943
20260424T190527Z_872324482019,2026-04-24T19:05:27Z,2026-04-24T19:07:15Z,ok,runs_csnn/registry.jsonl,csnn,,cuda,500,100,poisson,0.02,True,5.0,64,,,,,,,,,,,1276.004,1276.004,,,,,,,,,runs_csnn/20260424T190527Z_872324482019
20260424T191210Z_8c060b95bd4d,2026-04-24T19:12:10Z,2026-04-24T19:19:05Z,ok,runs_csnn/registry.jsonl,csnn,,cuda,2000,100,poisson,0.02,True,5.0,64,,,,,,,,,,,1287.468,1287.468,,,,,,,,,runs_csnn/20260424T191210Z_8c060b95bd4d
20260424T193144Z_219283f438b0,2026-04-24T19:31:44Z,2026-04-24T19:33:10Z,ok,runs_csnn/registry.jsonl,csnn,,cuda,400,100,poisson,0.02,True,5.0,64,,,,,,,,,,,1280.3925,1280.3925,,,,,,,,,runs_csnn/20260424T193144Z_219283f438b0
20260424T193315Z_6b515888d446,2026-04-24T19:33:15Z,2026-04-24T19:34:38Z,ok,runs_csnn/registry.jsonl,csnn,,cuda,400,100,poisson,0.02,True,5.0,64,,,,,,,,,,,1280.2975,1280.2975,,,,,,,,,runs_csnn/20260424T193315Z_6b515888d446
20260424T193443Z_2e4e8e01eaf4,2026-04-24T19:34:43Z,2026-04-24T19:36:11Z,ok,runs_csnn/registry.jsonl,csnn,,cuda,400,100,poisson,0.02,True,5.0,64,,,,,,,,,,,1280.1575,1280.1575,,,,,,,,,runs_csnn/20260424T193443Z_2e4e8e01eaf4
20260425T042706Z_74a0f1b36927,2026-04-25T04:27:06Z,2026-04-25T04:36:48Z,ok,runs_csnn/registry.jsonl,csnn,,cuda,2000,100,poisson,0.02,True,5.0,64,,,,1,,,,,,,0.0,0.0,,,,,,,,,runs_csnn/20260425T042706Z_74a0f1b36927
20260425T045451Z_61c4337f27da,2026-04-25T04:54:51Z,2026-04-25T04:56:43Z,ok,runs_csnn/registry.jsonl,csnn,,cuda,400,100,poisson,0.02,True,5.0,64,,,,1,,,,,,,0.0,0.0,,,,,,,,,runs_csnn/20260425T045451Z_61c4337f27da
20260425T045648Z_d11654967628,2026-04-25T04:56:48Z,2026-04-25T04:58:52Z,ok,runs_csnn/registry.jsonl,csnn,,cuda,400,100,poisson,0.02,True,5.0,64,,,,1,,,,,,,0.0,0.0,,,,,,,,,runs_csnn/20260425T045648Z_d11654967628
20260425T051019Z_918ee635bc3d,2026-04-25T05:10:19Z,2026-04-25T05:15:18Z,ok,runs_csnn/registry.jsonl,csnn,,cuda,1000,100,poisson,0.02,True,5.0,64,,,,1,,,,,,,119748.367,119748.367,,,,,,,,,runs_csnn/20260425T051019Z_918ee635bc3d
20260425T052127Z_3789463a4195,2026-04-25T05:21:27Z,2026-04-25T05:26:20Z,ok,runs_csnn/registry.jsonl,csnn,,cuda,1000,100,poisson,0.02,True,5.0,64,,,,1,,,,,,,119746.608,119746.608,,,,,,,,,runs_csnn/20260425T052127Z_3789463a4195
20260425T052625Z_18575762961b,2026-04-25T05:26:25Z,2026-04-25T05:31:43Z,ok,runs_csnn/registry.jsonl,csnn,,cuda,1000,100,poisson,0.02,True,5.0,64,,,,1,,,,,,,119743.982,119743.982,,,,,,,,,runs_csnn/20260425T052625Z_18575762961b
20260425T053028Z_97fbb55b6827,2026-04-25T05:30:28Z,2026-04-25T05:32:44Z,ok,runs_csnn/registry.jsonl,csnn,,cuda,400,100,poisson,0.005,True,1.0,64,,,,1,,,,,,,48987.095,48987.095,,,,,,,,,runs_csnn/20260425T053028Z_97fbb55b6827
20260425T053249Z_626e809c7b06,2026-04-25T05:32:49Z,2026-04-25T05:34:52Z,ok,runs_csnn/registry.jsonl,csnn,,cuda,400,100,poisson,0.01,True,1.0,64,,,,1,,,,,,,70030.2925,70030.2925,,,,,,,,,runs_csnn/20260425T053249Z_626e809c7b06
20260425T061535Z_2ccee5d66c25,2026-04-25T06:15:35Z,2026-04-25T06:17:39Z,ok,runs_csnn/registry.jsonl,csnn,,cuda,400,100,poisson,0.005,True,1.0,64,,,,1,,,,,,,38065.045,38065.045,,,,,,,,,runs_csnn/20260425T061535Z_2ccee5d66c25
20260425T061744Z_5ed27ecadee9,2026-04-25T06:17:44Z,2026-04-25T06:19:48Z,ok,runs_csnn/registry.jsonl,csnn,,cuda,400,100,poisson,0.005,True,1.0,64,,,,1,,,,,,,33637.7675,33637.7675,,,,,,,,,runs_csnn/20260425T061744Z_5ed27ecadee9
20260425T073646Z_394ece4ceb04,2026-04-25T07:36:46Z,2026-04-25T07:38:45Z,ok,runs_csnn/registry.jsonl,csnn,,cuda,400,100,poisson,0.005,True,1.0,64,,,,1,,,,,,,33607.72,33607.72,,,,,,,,,runs_csnn/20260425T073646Z_394ece4ceb04
20260425T081102Z_3a2b6923406c,2026-04-25T08:11:02Z,2026-04-25T08:13:01Z,ok,runs_csnn/registry.jsonl,csnn,,cuda,400,100,poisson,0.005,True,1.0,64,,,,1,,1,,,,,33595.0075,33595.0075,,,,,,,,,runs_csnn/20260425T081102Z_3a2b6923406c
20260425T081306Z_13df39bfd8fa,2026-04-25T08:13:06Z,2026-04-25T08:15:09Z,ok,runs_csnn/registry.jsonl,csnn,,cuda,400,100,poisson,0.005,True,1.0,64,,,,1,,1,,,,,33769.895,33769.895,,,,,,,,,runs_csnn/20260425T081306Z_13df39bfd8fa
20260425T100132Z_13636d40c72b,2026-04-25T10:01:32Z,2026-04-25T10:03:33Z,ok,runs_csnn/registry.jsonl,csnn,,cuda,400,100,poisson,0.001,True,1.0,64,,,,1,,,,,,,14573.09,14573.09,,,,,,,,,runs_csnn/20260425T100132Z_13636d40c72b
20260425T100338Z_5e5c1c2b99fb,2026-04-25T10:03:38Z,2026-04-25T10:05:37Z,ok,runs_csnn/registry.jsonl,csnn,,cuda,400,100,poisson,0.002,True,1.0,64,,,,1,,,,,,,25415.0475,25415.0475,,,,,,,,,runs_csnn/20260425T100338Z_5e5c1c2b99fb
20260425T104249Z_b85aba2249c8,2026-04-25T10:42:49Z,2026-04-25T10:44:48Z,ok,runs_csnn/registry.jsonl,csnn,,cuda,400,100,poisson,0.003,True,1.0,64,,,,1,,,,,,,26780.065,26780.065,,,,,,,,,runs_csnn/20260425T104249Z_b85aba2249c8
20260425T104453Z_5ee95e7f4a25,2026-04-25T10:44:53Z,2026-04-25T10:47:01Z,ok,runs_csnn/registry.jsonl,csnn,,cuda,400,100,poisson,0.004,True,1.0,64,,,,1,,,,,,,30689.8425,30689.8425,,,,,,,,,runs_csnn/20260425T104453Z_5ee95e7f4a25
20260425T104529Z_5ee95e7f4a25,2026-04-25T10:45:29Z,2026-04-25T10:47:48Z,ok,runs_csnn/registry.jsonl,csnn,,cuda,400,100,poisson,0.004,True,1.0,64,,,,1,,,,,,,30741.2075,30741.2075,,,,,,,,,runs_csnn/20260425T104529Z_5ee95e7f4a25
20260425T104706Z_5ed27ecadee9,2026-04-25T10:47:06Z,2026-04-25T10:49:15Z,ok,runs_csnn/registry.jsonl,csnn,,cuda,400,100,poisson,0.005,True,1.0,64,,,,1,,,,,,,33674.9775,33674.9775,,,,,,,,,runs_csnn/20260425T104706Z_5ed27ecadee9
20260425T104905Z_5ed27ecadee9,2026-04-25T10:49:05Z,2026-04-25T10:51:01Z,ok,runs_csnn/registry.jsonl,csnn,,cuda,400,100,poisson,0.005,True,1.0,64,,,,1,,,,,,,33607.01,33607.01,,,,,,,,,runs_csnn/20260425T104905Z_5ed27ecadee9
20260425T113337Z_5b89f013f42b,2026-04-25T11:33:37Z,2026-04-25T14:04:23Z,ok,runs_csnn/registry.jsonl,csnn,,cuda,30000,100,poisson,0.0015,True,1.0,64,,,,1,,,,,,,12760.196533333334,12760.196533333334,,,,,,,,,runs_csnn/20260425T113337Z_5b89f013f42b
20260426T054943Z_138b06a7f9b4,2026-04-26T05:49:43Z,2026-04-26T06:08:06Z,ok,runs_csnn/registry.jsonl,csnn,,cuda,60000,100,poisson,0.0015,True,1.0,64,,,,1,,,,,,,0.0,0.0,2162,36864,,,,,,,runs_csnn/20260426T054943Z_138b06a7f9b4
20260426T061822Z_138b06a7f9b4,2026-04-26T06:18:22Z,2026-04-26T06:36:58Z,failed,runs_csnn/registry.jsonl,csnn,,cuda,60000,100,poisson,0.0015,True,1.0,64,,,,1,,,,,,,,,,,,,,,,,runs_csnn/20260426T061822Z_138b06a7f9b4
20260426T064705Z_138b06a7f9b4,2026-04-26T06:47:05Z,2026-04-26T07:05:58Z,failed,runs_csnn/registry.jsonl,csnn,,cuda,60000,100,poisson,0.0015,True,1.0,64,,,,1,,,,,,,,,,,,,,,,,runs_csnn/20260426T064705Z_138b06a7f9b4
20260426T104139Z_138b06a7f9b4,2026-04-26T10:41:39Z,2026-04-26T10:51:10Z,failed,runs_csnn/registry.jsonl,csnn,,cuda,60000,100,poisson,0.0015,True,1.0,64,,,,1,,,,,,,,,,,,,,,,,runs_csnn/20260426T104139Z_138b06a7f9b4
20260426T111422Z_138b06a7f9b4,2026-04-26T11:14:22Z,2026-04-26T11:36:03Z,ok,runs_csnn/registry.jsonl,csnn,,cuda,60000,100,poisson,0.0015,True,1.0,64,,,,1,,,,,,,0.0,0.0,2162,36864,,,,,counts_zscore+Linear,0.6965,runs_csnn/20260426T111422Z_138b06a7f9b4
20260426T144019Z_2fe4a5128cd9,2026-04-26T14:40:19Z,2026-04-26T14:46:12Z,failed,runs_csnn/registry.jsonl,csnn,,cuda,5000,100,poisson,0.0015,True,1.0,64,,,,1,,,,,,,,,,,,,,,,,runs_csnn/20260426T144019Z_2fe4a5128cd9
20260426T154506Z_a9f2bd5d2ddd,2026-04-26T15:45:06Z,2026-04-26T15:50:37Z,failed,runs_csnn/registry.jsonl,csnn,,cuda,5000,100,poisson,0.0015,True,1.0,64,,,,1,,,,,,,,,,,,,,,,,runs_csnn/20260426T154506Z_a9f2bd5d2ddd
20260426T160910Z_5e90b0500534,2026-04-26T16:09:10Z,2026-04-26T16:47:38Z,ok,runs_csnn/registry.jsonl,csnn,,cuda,5000,100,poisson,0.0015,True,1.0,64,,,,1,,,,,,,21450.2652,21450.2652,709,36864,,,,,proportional_vote,0.3774999976158142,runs_csnn/20260426T160910Z_5e90b0500534
20260426T165352Z_33ce966adaf7,2026-04-26T16:53:52Z,2026-04-26T17:03:59Z,failed,runs_csnn/registry.jsonl,csnn,,cuda,30000,100,poisson,0.0015,True,1.0,64,,,,1,,,,,,,,,,,,,,,,,runs_csnn/20260426T165352Z_33ce966adaf7
20260426T181807Z_a9f2bd5d2ddd,2026-04-26T18:18:07Z,2026-04-26T18:56:27Z,ok,runs_csnn/registry.jsonl,csnn,,cuda,5000,100,poisson,0.0015,True,1.0,64,,,,1,,,,,,,21486.1662,21486.1662,709,36864,,,,,proportional_vote,0.3774999976158142,runs_csnn/20260426T181807Z_a9f2bd5d2ddd
20260426T192313Z_2995c82a855a,2026-04-26T19:23:13Z,2026-04-26T19:33:05Z,failed,runs_csnn/registry.jsonl,csnn,,cuda,30000,100,poisson,0.0015,True,1.0,64,,,,1,,,,,,,,,,,,,,,,,runs_csnn/20260426T192313Z_2995c82a855a
20260426T202408Z_11643c967f5d,2026-04-26T20:24:08Z,2026-04-26T21:03:11Z,ok,runs_csnn/registry.jsonl,csnn,,cuda,5000,100,poisson,0.0015,True,1.0,64,,,,1,,,,,,,3437.8572,3437.8572,2863,36864,,,,,proportional_vote,0.3395000100135803,runs_csnn/20260426T202408Z_11643c967f5d
20260427T061651Z_fae38d8f2acb,2026-04-27T06:16:51Z,2026-04-27T07:19:55Z,ok,runs_csnn/registry.jsonl,csnn,,cuda,10000,100,poisson,0.002,True,1.0,64,,,,1,,,,,,,6682.4241,6682.4241,2155,36864,,,,,proportional_vote,0.39399999380111694,runs_csnn/20260427T061651Z_fae38d8f2acb
20260427T082237Z_f0d03aa0e1fd,2026-04-27T08:22:37Z,2026-04-27T11:09:20Z,ok,runs_csnn/registry.jsonl,csnn,,cuda,30000,100,poisson,0.002,True,1.0,64,,,,1,,,,,,,9309.3162,9309.3162,,,,,,,proportional_vote,0.3447999954223633,runs_csnn/20260427T082237Z_f0d03aa0e1fd
20260427T114343Z_9498fe1c7bc2,2026-04-27T11:43:43Z,2026-04-27T11:43:44Z,failed,runs_csnn/registry.jsonl,csnn,,cuda,60000,100,poisson,0.002,True,1.0,64,,,,1,,,,,,,,,,,,,,,,,runs_csnn/20260427T114343Z_9498fe1c7bc2
20260427T115249Z_9498fe1c7bc2,2026-04-27T11:52:49Z,2026-04-27T11:54:09Z,ok,runs_csnn/registry.jsonl,csnn,,cuda,60000,100,poisson,0.002,True,1.0,64,,,,1,,,,,,,0.0,0.0,,,,,,,proportional_vote,0.398499995470047,runs_csnn/20260427T115249Z_9498fe1c7bc2
20260427T125204Z_9f0675279c9c,2026-04-27T12:52:04Z,2026-04-27T13:52:32Z,ok,runs_csnn/registry.jsonl,csnn,,cuda,10000,100,poisson,0.002,True,1.0,64,,,,1,,1,,,,,9091.0441,9091.0441,1556,36864,,,,,proportional_vote,0.39800000190734863,runs_csnn/20260427T125204Z_9f0675279c9c
20260427T141747Z_627e9086cbad,2026-04-27T14:17:47Z,2026-04-27T14:29:18Z,ok,runs_csnn/registry.jsonl,csnn,,cuda,10000,100,poisson,0.002,True,1.0,64,,,,1,,1,,,,,0.0,0.0,1556,36864,,,,,proportional_vote,0.35899999737739563,runs_csnn/20260427T141747Z_627e9086cbad
20260427T143012Z_627e9086cbad,2026-04-27T14:30:12Z,2026-04-27T14:42:05Z,ok,runs_csnn/registry.jsonl,csnn,,cuda,10000,100,poisson,0.002,True,1.0,64,,,,1,,1,,,,,0.0,0.0,1556,36864,,,,,proportional_vote,0.3100000023841858,runs_csnn/20260427T143012Z_627e9086cbad
20260427T143023Z_627e9086cbad,2026-04-27T14:30:23Z,2026-04-27T14:42:19Z,ok,runs_csnn/registry.jsonl,csnn,,cuda,10000,100,poisson,0.002,True,1.0,64,,,,1,,1,,,,,0.0,0.0,1556,36864,,,,,proportional_vote,0.3095000088214874,runs_csnn/20260427T143023Z_627e9086cbad
20260427T150318Z_29a48e55e3b2,2026-04-27T15:03:18Z,2026-04-27T15:38:19Z,ok,runs_csnn/registry.jsonl,csnn,,cuda,5000,100,poisson,0.002,True,1.0,64,,,,1,,1,,,,,7441.948,7441.948,1512,36864,,,,,proportional_vote,0.4050000011920929,runs_csnn/20260427T150318Z_29a48e55e3b2
20260427T153857Z_18d7ac84f104,2026-04-27T15:38:57Z,2026-04-27T16:19:09Z,ok,runs_csnn/registry.jsonl,csnn,,cuda,5000,100,poisson,0.002,True,1.0,64,,,,1,,1,,,,,7187.645,7187.645,2196,36864,,,,,proportional_vote,0.40400001406669617,runs_csnn/20260427T153857Z_18d7ac84f104
20260427T153910Z_5e19f979738d,2026-04-27T15:39:10Z,2026-04-27T16:20:04Z,ok,runs_csnn/registry.jsonl,csnn,,cuda,5000,100,poisson,0.002,True,1.0,64,,,,1,,1,,,,,7335.0862,7335.0862,1782,36864,,,,,proportional_vote,0.4025000035762787,runs_csnn/20260427T153910Z_5e19f979738d
20260427T165927Z_7467327eb96f,2026-04-27T16:59:27Z,2026-04-27T17:34:28Z,ok,runs_csnn/registry.jsonl,csnn,,cuda,5000,100,poisson,0.002,True,1.0,64,,,,1,,1,,,,,7387.8202,7387.8202,1792,36864,,,,,proportional_vote,0.4025000035762787,runs_csnn/20260427T165927Z_7467327eb96f
20260427T173821Z_c58ce4d27878,2026-04-27T17:38:21Z,2026-04-27T18:37:53Z,ok,runs_csnn/registry.jsonl,csnn,,cuda,10000,100,poisson,0.002,True,1.0,64,,,,1,,1,,,,,9110.5889,9110.5889,1679,36864,,,,,proportional_vote,0.39750000834465027,runs_csnn/20260427T173821Z_c58ce4d27878
20260427T190717Z_29a48e55e3b2,2026-04-27T19:07:17Z,2026-04-27T19:58:52Z,ok,runs_csnn/registry.jsonl,csnn,,cuda,5000,100,poisson,0.002,True,1.0,64,,,,1,,1,,,,,1396.3292,1396.3292,645,36864,,,,,proportional_vote,0.32499998807907104,runs_csnn/20260427T190717Z_29a48e55e3b2
20260428T040917Z_4848b4ff2c41,2026-04-28T04:09:17Z,2026-04-28T04:14:31Z,ok,runs_csnn/registry.jsonl,csnn,,cuda,500,100,poisson,0.006,True,1.0,64,,,,1,,1,,,,,3685.968,3685.968,190,36864,,,,,proportional_vote,0.335999995470047,runs_csnn/20260428T040917Z_4848b4ff2c41
20260428T044521Z_0ba909110612,2026-04-28T04:45:21Z,2026-04-28T04:50:22Z,ok,runs_csnn/registry.jsonl,csnn,,cuda,500,100,poisson,0.006,True,,,,,,1,,1,,,,,4286.63,4286.63,149,18432,,,,,counts_zscore+Linear,0.748,runs_csnn/20260428T044521Z_0ba909110612
20260428T045027Z_c794d80e7657,2026-04-28T04:50:27Z,2026-04-28T04:55:37Z,ok,runs_csnn/registry.jsonl,csnn,,cuda,500,100,poisson,0.006,True,,,,,,1,,1,,,,,4298.822,4298.822,153,18432,,,,,counts_zscore+Linear,0.76,runs_csnn/20260428T045027Z_c794d80e7657
20260428T045541Z_29699e7b92d5,2026-04-28T04:55:41Z,2026-04-28T05:00:45Z,ok,runs_csnn/registry.jsonl,csnn,,cuda,500,100,poisson,0.006,True,,,,,,1,,1,,,,,4307.406,4307.406,143,18432,,,,,counts_zscore+Linear,0.758,runs_csnn/20260428T045541Z_29699e7b92d5
20260428T053349Z_90b5cc6341da,2026-04-28T05:33:49Z,2026-04-28T05:33:50Z,failed,runs_csnn/registry.jsonl,csnn,,cuda,500,100,poisson,0.006,True,,,,,,1,,1,,,,,,,,,,,,,,,runs_csnn/20260428T053349Z_90b5cc6341da
20260428T053505Z_90b5cc6341da,2026-04-28T05:35:05Z,2026-04-28T05:45:42Z,ok,runs_csnn/registry.jsonl,csnn,,cuda,500,100,poisson,0.006,True,,,,,,1,,1,,,,,0.0,0.0,165,18432,,,,,counts_zscore+Linear,0.8786,runs_csnn/20260428T053505Z_90b5cc6341da
20260428T071545Z_70d9109a9ec4,2026-04-28T07:15:45Z,2026-04-28T07:26:11Z,ok,runs_csnn/registry.jsonl,csnn,,cuda,500,100,poisson,0.006,True,,,,,,1,,1,,,,,0.0,0.0,165,18432,,,,,counts_zscore+Linear,0.8786,runs_csnn/20260428T071545Z_70d9109a9ec4
20260428T081809Z_435a319ac277,2026-04-28T08:18:09Z,2026-04-28T08:28:40Z,ok,runs_csnn/registry.jsonl,csnn,,cuda,500,100,poisson,0.006,True,,,,,,1,,1,,,,,0.0,0.0,165,18432,,,,,counts_zscore+Linear,0.8786,runs_csnn/20260428T081809Z_435a319ac277
20260428T082845Z_14bc7a91e0f4,2026-04-28T08:28:45Z,2026-04-28T08:39:20Z,ok,runs_csnn/registry.jsonl,csnn,,cuda,500,100,poisson,0.006,True,,,,,,1,,1,,,,,0.0,0.0,165,18432,,,,,counts_zscore+Linear,0.8786,runs_csnn/20260428T082845Z_14bc7a91e0f4
20260428T083924Z_2a3fe122f61b,2026-04-28T08:39:24Z,2026-04-28T08:49:49Z,ok,runs_csnn/registry.jsonl,csnn,,cuda,500,100,poisson,0.006,True,,,,,,1,,1,,,,,0.0,0.0,165,18432,,,,,counts_zscore+Linear,0.8786,runs_csnn/20260428T083924Z_2a3fe122f61b
20260428T084953Z_6b377e25ef40,2026-04-28T08:49:53Z,2026-04-28T09:00:19Z,ok,runs_csnn/registry.jsonl,csnn,,cuda,500,100,poisson,0.006,True,,,,,,1,,1,,,,,0.0,0.0,165,18432,,,,,counts_zscore+Linear,0.8786,runs_csnn/20260428T084953Z_6b377e25ef40
20260428T091132Z_1e3d1d4cc831,2026-04-28T09:11:32Z,2026-04-28T10:38:31Z,ok,runs_csnn/registry.jsonl,csnn,,cuda,10000,100,poisson,0.006,True,,,,,,1,,1,,,,,4122.8895,4122.8895,214,18432,,,,,counts_zscore+Linear,0.8876,runs_csnn/20260428T091132Z_1e3d1d4cc831
20260428T113714Z_a80e83cb5cdd,2026-04-28T11:37:14Z,2026-04-28T13:40:23Z,ok,runs_csnn/registry.jsonl,csnn,,cuda,15000,100,poisson,0.006,True,,,,,,1,,1,,,,,4146.9416,4146.9416,219,18432,,,,,counts_zscore+Linear,0.8883,runs_csnn/20260428T113714Z_a80e83cb5cdd
20260428T154159Z_945d5888bf09,2026-04-28T15:41:59Z,2026-04-28T15:44:23Z,ok,runs_csnn/registry.jsonl,csnn,fashion,cuda,200,50,poisson,0.006,True,,,,,,1,,1,,,,,4916.365,4916.365,80,18432,,,,,counts_zscore+Linear,0.635,runs_csnn/20260428T154159Z_945d5888bf09
20260428T154629Z_893fcd08a076,2026-04-28T15:46:29Z,2026-04-28T16:34:43Z,ok,runs_csnn/registry.jsonl,csnn,fashion,cuda,5000,100,poisson,0.006,True,,,,,,1,,1,,,,,7254.914,7254.914,324,18432,,,,,counts_zscore+Linear,0.7358,runs_csnn/20260428T154629Z_893fcd08a076
20260428T170055Z_6ceb980140f4,2026-04-28T17:00:55Z,2026-04-28T17:05:08Z,ok,runs_csnn/registry.jsonl,csnn,fashion,cuda,500,100,poisson,0.006,True,,,,,,1,1,1,,,,,4109.28,4109.28,74,18432,,,,,counts_zscore+Linear,0.676,runs_csnn/20260428T170055Z_6ceb980140f4
20260428T173355Z_67679b68b27b,2026-04-28T17:33:55Z,2026-04-28T18:17:52Z,ok,runs_csnn/registry.jsonl,csnn,fashion,cuda,5000,100,poisson,0.006,True,,,,,,1,1,1,,,,,3826.0874,3826.0874,424,18432,,,,,counts_zscore+Linear,0.698,runs_csnn/20260428T173355Z_67679b68b27b
20260428T184311Z_5daf20a32699,2026-04-28T18:43:11Z,2026-04-28T19:26:52Z,ok,runs_csnn/registry.jsonl,csnn,fashion,cuda,5000,100,poisson,0.006,True,,,,,,1,1,1,,,,,6252.757,6252.757,366,18432,,,,,counts_zscore+Linear,0.7254,runs_csnn/20260428T184311Z_5daf20a32699
20260428T193753Z_0c8a9f4085e7,2026-04-28T19:37:53Z,2026-04-28T20:22:55Z,ok,runs_csnn/registry.jsonl,csnn,fashion,cuda,5000,100,poisson,0.006,True,,,,,,1,1,1,,,,,7254.7984,7254.7984,324,18432,,,,,counts_zscore+Linear,0.7356,runs_csnn/20260428T193753Z_0c8a9f4085e7
20260428T202300Z_cb788d17ef25,2026-04-28T20:23:00Z,2026-04-28T21:07:53Z,ok,runs_csnn/registry.jsonl,csnn,fashion,cuda,5000,100,poisson,0.006,True,,,,,,1,1,1,,,,,7255.1016,7255.1016,324,18432,,,,,counts_zscore+Linear,0.7358,runs_csnn/20260428T202300Z_cb788d17ef25
20260428T210758Z_2e3af2ac48fe,2026-04-28T21:07:58Z,2026-04-28T21:53:14Z,ok,runs_csnn/registry.jsonl,csnn,fashion,cuda,5000,100,poisson,0.006,True,,,,,,1,1,1,,,,,7255.0812,7255.0812,324,18432,,,,,counts_zscore+Linear,0.7362,runs_csnn/20260428T210758Z_2e3af2ac48fe
20260428T215319Z_1c29e7a91e99,2026-04-28T21:53:19Z,2026-04-28T22:37:53Z,ok,runs_csnn/registry.jsonl,csnn,fashion,cuda,5000,100,poisson,0.006,True,,,,,,1,1,1,,,,,7254.6052,7254.6052,325,18432,,,,,counts_zscore+Linear,0.736,runs_csnn/20260428T215319Z_1c29e7a91e99
20260428T223758Z_91fef89ab729,2026-04-28T22:37:58Z,2026-04-28T23:22:17Z,ok,runs_csnn/registry.jsonl,csnn,fashion,cuda,5000,100,poisson,0.006,True,,,,,,1,0,1,,,,,7254.3688,7254.3688,324,18432,,,,,counts_zscore+Linear,0.7354,runs_csnn/20260428T223758Z_91fef89ab729
20260429T042820Z_d825bb17c324,2026-04-29T04:28:20Z,2026-04-29T06:23:26Z,ok,runs_csnn/registry.jsonl,csnn,fashion,cuda,15000,100,poisson,0.006,True,,,,,,1,1,1,,,,,7222.060933333333,7222.060933333333,321,18432,,,,,counts_zscore+Linear,0.7322,runs_csnn/20260429T042820Z_d825bb17c324
20260429T062336Z_a7ef25b0f838,2026-04-29T06:23:36Z,2026-04-29T08:19:44Z,ok,runs_csnn/registry.jsonl,csnn,fashion,cuda,15000,100,poisson,0.006,True,,,,,,1,0,1,,,,,7222.133133333334,7222.133133333334,322,18432,,,,,counts_zscore+Linear,0.7322,runs_csnn/20260429T062336Z_a7ef25b0f838
20260429T084724Z_99a8a076553b,2026-04-29T08:47:24Z,2026-04-29T09:30:45Z,ok,runs_csnn/registry.jsonl,csnn,fashion,cuda,5000,100,poisson,0.004,True,,,,,,1,1,1,,,,,6241.2254,6241.2254,351,18432,,,,,counts_zscore+Linear,0.7272,runs_csnn/20260429T084724Z_99a8a076553b
20260429T093050Z_7780243a3c9c,2026-04-29T09:30:50Z,2026-04-29T10:16:13Z,ok,runs_csnn/registry.jsonl,csnn,fashion,cuda,5000,100,poisson,0.005,True,,,,,,1,1,1,,,,,6547.8962,6547.8962,346,18432,,,,,counts_zscore+Linear,0.732,runs_csnn/20260429T093050Z_7780243a3c9c
20260429T101618Z_2e3af2ac48fe,2026-04-29T10:16:18Z,2026-04-29T11:00:17Z,ok,runs_csnn/registry.jsonl,csnn,fashion,cuda,5000,100,poisson,0.006,True,,,,,,1,1,1,,,,,7255.1502,7255.1502,324,18432,,,,,counts_zscore+Linear,0.7352,runs_csnn/20260429T101618Z_2e3af2ac48fe
20260429T110022Z_38a6b1f6d34d,2026-04-29T11:00:22Z,2026-04-29T11:44:10Z,ok,runs_csnn/registry.jsonl,csnn,fashion,cuda,5000,100,poisson,0.007,True,,,,,,1,1,1,,,,,7852.3406,7852.3406,319,18432,,,,,counts_zscore+Linear,0.735,runs_csnn/20260429T110022Z_38a6b1f6d34d
20260429T114415Z_577281631a58,2026-04-29T11:44:15Z,2026-04-29T12:31:19Z,ok,runs_csnn/registry.jsonl,csnn,fashion,cuda,5000,100,poisson,0.008,True,,,,,,1,1,1,,,,,8136.9514,8136.9514,306,18432,,,,,counts_zscore+Linear,0.7372,runs_csnn/20260429T114415Z_577281631a58
20260429T115929Z_7780243a3c9c,2026-04-29T11:59:29Z,2026-04-29T12:47:05Z,ok,runs_csnn/registry.jsonl,csnn,fashion,cuda,5000,100,poisson,0.005,True,,,,,,1,1,1,,,,,6549.129,6549.129,347,18432,,,,,counts_zscore+Linear,0.7322,runs_csnn/20260429T115929Z_7780243a3c9c
20260429T124711Z_2e3af2ac48fe,2026-04-29T12:47:11Z,2026-04-29T13:30:17Z,ok,runs_csnn/registry.jsonl,csnn,fashion,cuda,5000,100,poisson,0.006,True,,,,,,1,1,1,,,,,7254.6162,7254.6162,324,18432,,,,,counts_zscore+Linear,0.735,runs_csnn/20260429T124711Z_2e3af2ac48fe
20260429T133022Z_7780243a3c9c,2026-04-29T13:30:22Z,2026-04-29T14:13:17Z,ok,runs_csnn/registry.jsonl,csnn,fashion,cuda,5000,100,poisson,0.005,True,,,,,,1,1,1,,,,,6549.4108,6549.4108,349,18432,,,,,counts_zscore+Linear,0.7314,runs_csnn/20260429T133022Z_7780243a3c9c
20260429T141322Z_2e3af2ac48fe,2026-04-29T14:13:22Z,2026-04-29T14:57:08Z,ok,runs_csnn/registry.jsonl,csnn,fashion,cuda,5000,100,poisson,0.006,True,,,,,,1,1,1,,,,,7254.777,7254.777,324,18432,,,,,counts_zscore+Linear,0.7352,runs_csnn/20260429T141322Z_2e3af2ac48fe
20260429T145713Z_7780243a3c9c,2026-04-29T14:57:13Z,2026-04-29T15:41:09Z,ok,runs_csnn/registry.jsonl,csnn,fashion,cuda,5000,100,poisson,0.005,True,,,,,,1,1,1,,,,,6547.1124,6547.1124,348,18432,,,,,counts_zscore+Linear,0.7332,runs_csnn/20260429T145713Z_7780243a3c9c
20260429T154114Z_2e3af2ac48fe,2026-04-29T15:41:14Z,2026-04-29T16:24:51Z,ok,runs_csnn/registry.jsonl,csnn,fashion,cuda,5000,100,poisson,0.006,True,,,,,,1,1,1,,,,,7254.4574,7254.4574,324,18432,,,,,counts_zscore+Linear,0.735,runs_csnn/20260429T154114Z_2e3af2ac48fe
20260429T182004Z_ac3ac6a37515,2026-04-29T18:20:04Z,2026-04-29T22:01:34Z,ok,runs_csnn/registry.jsonl,csnn,fashion,cuda,30000,100,poisson,0.006,True,,,,,,1,1,1,,,,,7201.423733333333,7201.423733333333,336,18432,,,,,counts_zscore+Linear,0.7316,runs_csnn/20260429T182004Z_ac3ac6a37515
20260430T035837Z_99a8a076553b,2026-04-30T03:58:37Z,2026-04-30T04:41:42Z,ok,runs_csnn/registry.jsonl,csnn,fashion,cuda,5000,100,poisson,0.004,True,,,,,,1,1,1,,,,,6241.5802,6241.5802,351,18432,,,,,counts_zscore+Linear,0.7284,runs_csnn/20260430T035837Z_99a8a076553b
20260430T044147Z_7780243a3c9c,2026-04-30T04:41:47Z,2026-04-30T05:26:20Z,ok,runs_csnn/registry.jsonl,csnn,fashion,cuda,5000,100,poisson,0.005,True,,,,,,1,1,1,,,,,6548.7196,6548.7196,349,18432,,,,,counts_zscore+Linear,0.7318,runs_csnn/20260430T044147Z_7780243a3c9c
20260430T052625Z_2e3af2ac48fe,2026-04-30T05:26:25Z,2026-04-30T06:12:15Z,ok,runs_csnn/registry.jsonl,csnn,fashion,cuda,5000,100,poisson,0.006,True,,,,,,1,1,1,,,,,7255.1454,7255.1454,324,18432,,,,,counts_zscore+Linear,0.7356,runs_csnn/20260430T052625Z_2e3af2ac48fe
20260430T061220Z_38a6b1f6d34d,2026-04-30T06:12:20Z,2026-04-30T06:56:48Z,ok,runs_csnn/registry.jsonl,csnn,fashion,cuda,5000,100,poisson,0.007,True,,,,,,1,1,1,,,,,7853.5398,7853.5398,320,18432,,,,,counts_zscore+Linear,0.7356,runs_csnn/20260430T061220Z_38a6b1f6d34d
20260430T065653Z_577281631a58,2026-04-30T06:56:53Z,2026-04-30T07:41:33Z,ok,runs_csnn/registry.jsonl,csnn,fashion,cuda,5000,100,poisson,0.008,True,,,,,,1,1,1,,,,,8137.4404,8137.4404,306,18432,,,,,counts_zscore+Linear,0.7372,runs_csnn/20260430T065653Z_577281631a58
20260430T082837Z_0da35d673503,2026-04-30T08:28:37Z,2026-04-30T09:04:01Z,failed,runs_csnn/registry.jsonl,csnn,cifar100:20,cuda,5000,100,poisson,0.008,True,,,,,,1,1,1,,,,,,,,,,,,,,,runs_csnn/20260430T082837Z_0da35d673503
20260430T092612Z_0da35d673503,2026-04-30T09:26:12Z,2026-04-30T10:08:32Z,failed,runs_csnn/registry.jsonl,csnn,cifar100:20,cuda,5000,100,poisson,0.008,True,,,,,,1,1,1,,,,,,,,,,,,,,,runs_csnn/20260430T092612Z_0da35d673503
20260430T102311Z_0da35d673503,2026-04-30T10:23:11Z,2026-04-30T11:04:37Z,failed,runs_csnn/registry.jsonl,csnn,cifar100:20,cuda,5000,100,poisson,0.008,True,,,,,,1,1,1,,,,,,,,,,,,,,,runs_csnn/20260430T102311Z_0da35d673503
20260430T113917Z_0da35d673503,2026-04-30T11:39:17Z,2026-04-30T12:22:07Z,failed,runs_csnn/registry.jsonl,csnn,cifar100:20,cuda,5000,100,poisson,0.008,True,,,,,,1,1,1,,,,,,,,,,,,,,,runs_csnn/20260430T113917Z_0da35d673503
20260430T132934Z_0da35d673503,2026-04-30T13:29:34Z,2026-04-30T14:13:46Z,failed,runs_csnn/registry.jsonl,csnn,cifar100:20,cuda,5000,100,poisson,0.008,True,,,,,,1,1,1,,,,,,,,,,,,,,,runs_csnn/20260430T132934Z_0da35d673503
20260430T141511Z_0da35d673503,2026-04-30T14:15:11Z,2026-04-30T15:00:17Z,ok,runs_csnn/registry.jsonl,csnn,cifar100:20,cuda,5000,100,poisson,0.008,True,,,,,,1,1,1,,,,,8577.3596,8577.3596,195,18432,,,,,counts_zscore+Linear,0.1215,runs_csnn/20260430T141511Z_0da35d673503
20260430T150343Z_457a941b4834,2026-04-30T15:03:43Z,2026-04-30T16:24:35Z,ok,runs_csnn/registry.jsonl,csnn,cifar100:20,cuda,10000,100,poisson,0.008,True,,,,,,1,1,1,,,,,8364.8246,8364.8246,190,18432,,,,,counts_zscore+Linear,0.1045,runs_csnn/20260430T150343Z_457a941b4834
20260430T170501Z_1037a78d15d3,2026-04-30T17:05:01Z,2026-04-30T17:05:32Z,ok,runs_csnn/registry.jsonl,csnn,cifar100:20,cuda,50,30,poisson,0.008,True,,16,,,,1,1,1,,,,,6382.98,6382.98,64,12544,,,,,counts_zscore+Linear,0.08,runs_csnn/20260430T170501Z_1037a78d15d3
20260430T172421Z_50869cba8dda,2026-04-30T17:24:21Z,2026-04-30T18:10:15Z,ok,runs_csnn/registry.jsonl,csnn,cifar100:20,cuda,5000,100,poisson,0.008,True,,32,,,,1,1,1,,,,,9526.9586,9526.9586,326,25088,,,,,counts_zscore+Linear,0.123,runs_csnn/20260430T172421Z_50869cba8dda
20260430T183717Z_4674bbbd93f4,2026-04-30T18:37:17Z,2026-04-30T18:54:06Z,ok,runs_csnn/registry.jsonl,csnn,cifar100:20,cuda,2000,100,poisson,0.006,True,,32,,,,1,1,1,,,,,8191.9845,8191.9845,147,25088,,,,,counts_zscore+Linear,0.113,runs_csnn/20260430T183717Z_4674bbbd93f4
20260430T185411Z_5af0745aad7c,2026-04-30T18:54:11Z,2026-04-30T19:11:19Z,ok,runs_csnn/registry.jsonl,csnn,cifar100:20,cuda,2000,100,poisson,0.006,True,,32,,,,1,1,1,,,,,8191.8315,8191.8315,146,25088,,,,,counts_zscore+Linear,0.114,runs_csnn/20260430T185411Z_5af0745aad7c
20260430T191124Z_6413c285b9d0,2026-04-30T19:11:24Z,2026-04-30T19:28:42Z,ok,runs_csnn/registry.jsonl,csnn,cifar100:20,cuda,2000,100,poisson,0.006,True,,32,,,,1,1,1,,,,,8191.9505,8191.9505,147,25088,,,,,counts_zscore+Linear,0.113,runs_csnn/20260430T191124Z_6413c285b9d0
20260430T192847Z_cb0d23384142,2026-04-30T19:28:47Z,2026-04-30T19:46:03Z,ok,runs_csnn/registry.jsonl,csnn,cifar100:20,cuda,2000,100,poisson,0.008,True,,32,,,,1,1,1,,,,,9713.1235,9713.1235,146,25088,,,,,counts_zscore+Linear,0.101,runs_csnn/20260430T192847Z_cb0d23384142
20260430T194608Z_c6b4c1d4bac2,2026-04-30T19:46:08Z,2026-04-30T20:03:19Z,ok,runs_csnn/registry.jsonl,csnn,cifar100:20,cuda,2000,100,poisson,0.008,True,,32,,,,1,1,1,,,,,9713.1835,9713.1835,145,25088,,,,,counts_zscore+Linear,0.099,runs_csnn/20260430T194608Z_c6b4c1d4bac2
20260430T200324Z_f2e7159f915d,2026-04-30T20:03:24Z,2026-04-30T20:20:30Z,ok,runs_csnn/registry.jsonl,csnn,cifar100:20,cuda,2000,100,poisson,0.008,True,,32,,,,1,1,1,,,,,9713.097,9713.097,145,25088,,,,,counts_zscore+Linear,0.099,runs_csnn/20260430T200324Z_f2e7159f915d
20260430T202035Z_c0fcec84e1f3,2026-04-30T20:20:35Z,2026-04-30T20:37:38Z,ok,runs_csnn/registry.jsonl,csnn,cifar100:20,cuda,2000,100,poisson,0.01,True,,32,,,,1,1,1,,,,,11275.6095,11275.6095,126,25088,,,,,counts_zscore+Linear,0.095,runs_csnn/20260430T202035Z_c0fcec84e1f3
20260430T203743Z_9dccdb3039a1,2026-04-30T20:37:43Z,2026-04-30T20:54:44Z,ok,runs_csnn/registry.jsonl,csnn,cifar100:20,cuda,2000,100,poisson,0.01,True,,32,,,,1,1,1,,,,,11275.6125,11275.6125,126,25088,,,,,counts_zscore+Linear,0.096,runs_csnn/20260430T203743Z_9dccdb3039a1
20260430T205449Z_001fe0418c6a,2026-04-30T20:54:49Z,2026-04-30T21:11:58Z,ok,runs_csnn/registry.jsonl,csnn,cifar100:20,cuda,2000,100,poisson,0.01,True,,32,,,,1,1,1,,,,,11275.603,11275.603,125,25088,,,,,counts_zscore+Linear,0.096,runs_csnn/20260430T205449Z_001fe0418c6a
20260430T211203Z_de32a5cf773a,2026-04-30T21:12:03Z,2026-04-30T21:29:10Z,ok,runs_csnn/registry.jsonl,csnn,cifar100:20,cuda,2000,100,poisson,0.012,True,,32,,,,1,1,1,,,,,12667.393,12667.393,109,25088,,,,,counts_zscore+Linear,0.097,runs_csnn/20260430T211203Z_de32a5cf773a
20260430T212915Z_2aca1251dcb0,2026-04-30T21:29:15Z,2026-04-30T21:46:10Z,ok,runs_csnn/registry.jsonl,csnn,cifar100:20,cuda,2000,100,poisson,0.012,True,,32,,,,1,1,1,,,,,12667.44,12667.44,109,25088,,,,,counts_zscore+Linear,0.096,runs_csnn/20260430T212915Z_2aca1251dcb0
20260430T214615Z_2eb4c12d1e4c,2026-04-30T21:46:15Z,2026-04-30T22:03:18Z,ok,runs_csnn/registry.jsonl,csnn,cifar100:20,cuda,2000,100,poisson,0.012,True,,32,,,,1,1,1,,,,,12667.3935,12667.3935,110,25088,,,,,counts_zscore+Linear,0.096,runs_csnn/20260430T214615Z_2eb4c12d1e4c
20260501T044414Z_e34dda80baa3,2026-05-01T04:44:14Z,2026-05-01T06:06:25Z,ok,runs_csnn/registry.jsonl,csnn,cifar100:20,cuda,10000,100,poisson,0.006,True,3.0,32,,,,1,1,1,,,,,8353.8698,8353.8698,76,25088,,,,,counts_zscore+Linear,0.125,runs_csnn/20260501T044414Z_e34dda80baa3
20260501T060630Z_cb1e9b87b4c5,2026-05-01T06:06:30Z,2026-05-01T07:31:10Z,ok,runs_csnn/registry.jsonl,csnn,cifar100:20,cuda,10000,100,poisson,0.006,True,5.0,32,,,,1,1,1,,,,,8353.8894,8353.8894,47,25088,,,,,counts_zscore+Linear,0.0835,runs_csnn/20260501T060630Z_cb1e9b87b4c5
20260501T085357Z_747e1b5e25d7,2026-05-01T08:53:57Z,2026-05-01T09:42:16Z,ok,runs_csnn/registry.jsonl,csnn,cifar100:20,cuda,5000,100,poisson,0.008,True,1.0,32,,,0,1,1,1,,,,,11796.199,11796.199,392,32768,,,,,counts_zscore+Linear,0.172,runs_csnn/20260501T085357Z_747e1b5e25d7
20260501T094221Z_6ad14ae06bd4,2026-05-01T09:42:21Z,2026-05-01T10:13:01Z,ok,runs_csnn/registry.jsonl,csnn,cifar100:20,cuda,5000,100,poisson,0.008,True,1.0,32,,,1,0,1,1,,,,,12081.5534,12081.5534,988,32768,,,,,counts_zscore+Linear,0.165,runs_csnn/20260501T094221Z_6ad14ae06bd4
20260501T102657Z_5705bc184107,2026-05-01T10:26:57Z,2026-05-01T11:50:10Z,ok,runs_csnn/registry.jsonl,csnn,cifar100:20,cuda,10000,100,poisson,0.008,True,1.0,32,,,,1,1,1,,,,,11352.8034,11352.8034,398,32768,,,,,counts_zscore+Linear,0.1725,runs_csnn/20260501T102657Z_5705bc184107
20260501T121527Z_2d084c83e12f,2026-05-01T12:15:27Z,2026-05-01T13:08:22Z,ok,runs_csnn/registry.jsonl,csnn,cifar100:20,cuda,5000,100,poisson,0.008,True,1.0,32,,,0,1,1,1,,,,,11796.0924,11796.0924,392,32768,,,,,counts_zscore+Linear,0.171,runs_csnn/20260501T121527Z_2d084c83e12f
20260501T130827Z_747e1b5e25d7,2026-05-01T13:08:27Z,2026-05-01T13:56:17Z,ok,runs_csnn/registry.jsonl,csnn,cifar100:20,cuda,5000,100,poisson,0.008,True,1.0,32,,,0,1,1,1,,,,,11796.089,11796.089,391,32768,,,,,counts_zscore+Linear,0.173,runs_csnn/20260501T130827Z_747e1b5e25d7
20260501T135622Z_990fb177c979,2026-05-01T13:56:22Z,2026-05-01T14:44:17Z,ok,runs_csnn/registry.jsonl,csnn,cifar100:20,cuda,5000,100,poisson,0.008,True,1.0,32,,,0,1,1,1,,,,,11796.1314,11796.1314,392,32768,,,,,counts_zscore+Linear,0.1715,runs_csnn/20260501T135622Z_990fb177c979
20260501T144835Z_91ccc96a8c54,2026-05-01T14:48:35Z,2026-05-01T15:39:01Z,ok,runs_csnn/registry.jsonl,csnn,cifar100:20,cuda,5000,100,poisson,0.008,True,1.0,64,,,0,1,1,1,,,,,23384.2874,23384.2874,392,65536,,,,,counts_zscore+Linear,0.159,runs_csnn/20260501T144835Z_91ccc96a8c54
20260501T162706Z_358915b06a96,2026-05-01T16:27:06Z,2026-05-01T16:34:35Z,failed,runs_csnn/registry.jsonl,csnn,cifar100:20,cuda,5000,100,poisson,0.008,True,1.0,32,64,,1,0,0,1,1,2500,,,,,,,,,,,,,runs_csnn/20260501T162706Z_358915b06a96
20260501T163648Z_358915b06a96,2026-05-01T16:36:48Z,2026-05-01T17:23:57Z,ok,runs_csnn/registry.jsonl,csnn,cifar100:20,cuda,5000,100,poisson,0.008,True,1.0,32,64,,1,0,0,1,1,2500,,,44635.3628,44635.3628,640,16384,,,,,counts_zscore+Linear,0.1965,runs_csnn/20260501T163648Z_358915b06a96
20260502T070527Z_358915b06a96,2026-05-02T07:05:27Z,2026-05-02T07:59:43Z,failed,runs_csnn/registry.jsonl,csnn,cifar100:20,cuda,5000,100,poisson,0.008,True,1.0,32,64,,1,0,0,1,1,2500,,,,,,,,,,,,,runs_csnn/20260502T070527Z_358915b06a96
20260502T080803Z_4ba4d8c7497f,2026-05-02T08:08:03Z,2026-05-02T08:25:34Z,ok,runs_csnn/registry.jsonl,csnn,cifar100:20,cuda,5000,100,poisson,0.008,True,1.0,32,64,,1,0,0,1,1,2500,,,0.0,0.0,605,16384,,,,,counts_zscore+Linear,0.187,runs_csnn/20260502T080803Z_4ba4d8c7497f
20260502T095644Z_221089919b62,2026-05-02T09:56:44Z,2026-05-02T11:11:07Z,ok,runs_csnn/registry.jsonl,csnn,cifar100:20,cuda,5000,100,poisson,0.008,True,1.0,32,64,,0,1,0,1,1,2500,,,91.679,91.679,0,16384,,,,,counts_zscore+Linear,0.05,runs_csnn/20260502T095644Z_221089919b62
20260502T114114Z_f6da460ee7c2,2026-05-02T11:41:14Z,2026-05-02T11:52:11Z,failed,runs_csnn/registry.jsonl,csnn,cifar100:20,cuda,5000,100,poisson,0.008,True,1.0,32,64,,1,1,0,1,1,2500,,,,,,,,,,,,,runs_csnn/20260502T114114Z_f6da460ee7c2
20260502T133156Z_9c06d933fe14,2026-05-02T13:31:56Z,2026-05-02T13:42:44Z,failed,runs_csnn/registry.jsonl,csnn,cifar100:20,cuda,5000,100,poisson,0.008,True,1.0,32,64,,1,1,0,1,1,2500,,,,,,,,,,,,,runs_csnn/20260502T133156Z_9c06d933fe14
20260502T181648Z_fdebdc16466c,2026-05-02T18:16:48Z,2026-05-02T19:29:11Z,ok,runs_csnn/registry.jsonl,csnn,cifar100:20,cuda,5000,100,poisson,0.008,True,1.0,32,64,,0,1,0,1,1,2500,,,43332.1936,43332.1936,686,16384,,,,,counts_zscore+Linear,0.1875,runs_csnn/20260502T181648Z_fdebdc16466c
20260502T192916Z_90b46951f097,2026-05-02T19:29:16Z,2026-05-02T20:50:15Z,ok,runs_csnn/registry.jsonl,csnn,cifar100:20,cuda,5000,100,poisson,0.008,True,1.0,32,64,,1,1,0,1,1,2500,,,43341.3494,43341.3494,686,16384,,,,,counts_zscore+Linear,0.185,runs_csnn/20260502T192916Z_90b46951f097
20260502T200107Z_9c06d933fe14,2026-05-02T20:01:07Z,2026-05-02T21:21:48Z,ok,runs_csnn/registry.jsonl,csnn,cifar100:20,cuda,5000,100,poisson,0.008,True,1.0,32,64,,1,1,0,1,1,2500,,,43345.9618,43345.9618,686,16384,,,,,counts_zscore+Linear,0.186,runs_csnn/20260502T200107Z_9c06d933fe14
20260503T055709Z_624ca258d83e,2026-05-03T05:57:09Z,2026-05-03T06:28:44Z,ok,runs_csnn/registry.jsonl,csnn,cifar100:20,cuda,2000,100,poisson,0.006,True,1.0,32,64,,1,1,1,1,1,1000,,,26680.45,26680.45,637,16384,,,,,counts_zscore+Linear,0.163,runs_csnn/20260503T055709Z_624ca258d83e
20260503T064315Z_4ea08004de82,2026-05-03T06:43:15Z,2026-05-03T07:50:41Z,ok,runs_csnn/registry.jsonl,csnn,cifar100:20,cuda,5000,100,poisson,0.006,True,1.0,32,64,,1,1,1,1,1,2500,,,24622.96,24622.96,643,16384,,,,,counts_zscore+Linear,0.1645,runs_csnn/20260503T064315Z_4ea08004de82
20260503T100934Z_419c50aec6da,2026-05-03T10:09:34Z,2026-05-03T10:24:57Z,ok,runs_csnn/registry.jsonl,csnn,cifar100:20,cuda,5000,100,poisson,0.006,True,1.0,32,64,,1,1,1,1,1,2500,,,0.0,0.0,602,16384,,,,,counts_zscore+Linear,0.1845,runs_csnn/20260503T100934Z_419c50aec6da
20260503T115413Z_e03ac87c4aa8,2026-05-03T11:54:13Z,2026-05-03T13:02:06Z,ok,runs_csnn/registry.jsonl,csnn,cifar100:20,cuda,5000,100,poisson,0.0035,True,1.0,32,64,,1,1,0,1,1,2500,,,24519.1628,24519.1628,633,16384,,,,,counts_zscore+Linear,0.1715,runs_csnn/20260503T115413Z_e03ac87c4aa8
20260503T183811Z_9fa5cca253da,2026-05-03T18:38:11Z,2026-05-03T19:30:28Z,ok,runs_csnn/registry.jsonl,csnn,cifar100:20,cuda,5000,100,poisson,0.006,True,1.0,32,64,,1,0,0,1,1,2500,,,36650.6492,36650.6492,633,16384,,,,,counts_zscore+Linear,0.1925,runs_csnn/20260503T183811Z_9fa5cca253da
20260504T093642Z_87f145128c47,2026-05-04T09:36:42Z,2026-05-04T09:37:27Z,ok,runs_csnn/registry.jsonl,csnn,cifar100:20,cuda,500,10,poisson,0.007,True,1.0,32,64,,1,0,0,1,1,10,,,2737.88,2737.88,30,16384,,,,,counts_zscore+Linear,0.0,runs_csnn/20260504T093642Z_87f145128c47
20260504T093816Z_c7b09ead45d5,2026-05-04T09:38:16Z,2026-05-04T10:31:54Z,ok,runs_csnn/registry.jsonl,csnn,cifar100:20,cuda,5000,100,poisson,0.007,True,1.0,32,64,,1,0,0,1,1,2500,,,40788.5304,40788.5304,636,16384,,,,,counts_zscore+Linear,0.1945,runs_csnn/20260504T093816Z_c7b09ead45d5
20260504T103159Z_495506eec83e,2026-05-04T10:31:59Z,2026-05-04T11:25:25Z,ok,runs_csnn/registry.jsonl,csnn,cifar100:20,cuda,5000,100,poisson,0.008,True,1.0,32,64,,1,0,0,1,1,2500,,,44627.052,44627.052,641,16384,,,,,counts_zscore+Linear,0.195,runs_csnn/20260504T103159Z_495506eec83e
20260504T112530Z_f9f7224d9ee7,2026-05-04T11:25:30Z,2026-05-04T12:19:17Z,ok,runs_csnn/registry.jsonl,csnn,cifar100:20,cuda,5000,100,poisson,0.009,True,1.0,32,64,,1,0,0,1,1,2500,,,48248.595,48248.595,641,16384,,,,,counts_zscore+Linear,0.192,runs_csnn/20260504T112530Z_f9f7224d9ee7
20260504T121922Z_5b7f226bbcd5,2026-05-04T12:19:22Z,2026-05-04T13:12:52Z,ok,runs_csnn/registry.jsonl,csnn,cifar100:20,cuda,5000,100,poisson,0.01,True,1.0,32,64,,1,0,0,1,1,2500,,,51630.691,51630.691,645,16384,,,,,counts_zscore+Linear,0.193,runs_csnn/20260504T121922Z_5b7f226bbcd5
20260504T135703Z_5ce9ecdc0cf4,2026-05-04T13:57:03Z,2026-05-04T14:50:36Z,ok,runs_csnn/registry.jsonl,csnn,cifar100:20,cuda,5000,100,poisson,0.008,True,1.0,64,128,,1,0,0,1,1,2500,,,89273.6182,89273.6182,641,32768,,,,,counts_zscore+Linear,0.1885,runs_csnn/20260504T135703Z_5ce9ecdc0cf4
20260504T163333Z_ba20815e8b06,2026-05-04T16:33:33Z,2026-05-04T17:26:03Z,ok,runs_csnn/registry.jsonl,csnn,cifar100:20,cuda,5000,100,poisson,0.008,True,1.0,64,128,,1,0,0,1,1,5000,,,89274.1196,89274.1196,642,32768,,,,,counts_zscore+Linear,0.1895,runs_csnn/20260504T163333Z_ba20815e8b06
20260504T194855Z_44be2767daf4,2026-05-04T19:48:55Z,2026-05-04T19:49:32Z,ok,runs_csnn/registry.jsonl,csnn,cifar100:20,cuda,100,20,poisson,0.008,True,1.0,32,64,128,1,0,0,1,1,40,40,,13966.08,13966.08,67,8192,,,,,counts_zscore+Linear,0.1,runs_csnn/20260504T194855Z_44be2767daf4
20260504T194946Z_6c1b8c28e5c9,2026-05-04T19:49:46Z,2026-05-04T21:02:36Z,ok,runs_csnn/registry.jsonl,csnn,cifar100:20,cuda,5000,100,poisson,0.008,True,1.0,32,64,128,1,0,0,1,1,2000,2000,,58709.6832,58709.6832,164,8192,,,,,counts_zscore+Linear,0.173,runs_csnn/20260504T194946Z_6c1b8c28e5c9
20260505T041502Z_846e7f33ee14,2026-05-05T04:15:02Z,2026-05-05T04:35:15Z,ok,runs_csnn/registry.jsonl,csnn,cifar100:20,cuda,1200,100,poisson,0.008,1,,32,64,128,1,0,0,1,1,300,300,,61226.666666666664,61226.666666666664,145,8192,0,19,7.25,0.7502674909435343,,,runs_csnn/20260505T041502Z_846e7f33ee14
20260505T080432Z_a8d1d58c82b5,2026-05-05T08:04:32Z,2026-05-05T08:25:07Z,ok,runs_csnn/registry.jsonl,csnn,cifar100:20,cuda,1200,100,poisson,0.008,1,,32,64,128,1,0,1,1,1,300,300,,30047.253333333334,30047.253333333334,147,8192,0,17,7.35,0.7566326339481622,,,runs_csnn/20260505T080432Z_a8d1d58c82b5
20260505T101258Z_c4c431028516,2026-05-05T10:12:58Z,2026-05-05T10:29:51Z,ok,runs_csnn/registry.jsonl,csnn,cifar100:20,cuda,800,100,poisson,0.008,1,,32,64,128,1,0,1,1,1,200,200,1,7259.04,7259.04,16,8192,0,6,0.9411764705882353,1.9445436482630054,,,runs_csnn/20260505T101258Z_c4c431028516
20260505T112546Z_f51c4ceb5f03,2026-05-05T11:25:46Z,2026-05-05T11:44:11Z,ok,runs_csnn/registry.jsonl,csnn,cifar100:20,cuda,1200,100,poisson,0.008,1,,32,64,128,1,0,1,1,1,300,300,,38349.973333333335,38349.973333333335,151,8192,1,17,7.55,0.6219174233953734,,,runs_csnn/20260505T112546Z_f51c4ceb5f03
